<?xml version="1.0" encoding="iso-8859-1"?>
<pnml>
<net id="Net-One" type="P/T net">
<labels x="104" y="194" width="62" height="26" border="false">
<text>Courier 1</text>
</labels>
<labels x="89" y="494" width="68" height="23" border="false">
<text>Courier 2</text>
</labels>
<labels x="569" y="479" width="68" height="38" border="false">
<text>Courier 3</text>
</labels>
<labels x="554" y="194" width="68" height="38" border="false">
<text>Courier 4</text>
</labels>
<labels x="674" y="1049" width="98" height="23" border="false">
<text>Network delay</text>
</labels>
<labels x="104" y="1064" width="83" height="23" border="false">
<text>Network delay</text>
</labels>
<labels x="569" y="59" width="83" height="53" border="false">
<text>Receiver application task</text>
</labels>
<labels x="569" y="299" width="68" height="50" border="false">
<text>Receiver session task</text>
</labels>
<labels x="794" y="659" width="68" height="49" border="false">
<text>Receiver transport task</text>
</labels>
<labels x="74" y="59" width="83" height="51" border="false">
<text>Sender application task</text>
</labels>
<labels x="89" y="299" width="68" height="50" border="false">
<text>Sender session task</text>
</labels>
<labels x="44" y="629" width="68" height="49" border="false">
<text>Sender transport task</text>
</labels>
<labels x="644" y="144" width="98" height="53" border="true">
<text>The Courier Protocol Software GSPN</text>
</labels>
<place id="P0">
<graphics>
<position x="330.0" y="90.0"/>
</graphics>
<name>
<value>p2</value>
<graphics/>
</name>
<initialMarking>
<value>0</value>
<graphics>
<offset x="0.0" y="0.0"/>
</graphics>
</initialMarking>
</place>
<place id="P1">
<graphics>
<position x="330.0" y="195.0"/>
</graphics>
<name>
<value>p4</value>
<graphics/>
</name>
<initialMarking>
<value>0</value>
<graphics>
<offset x="0.0" y="0.0"/>
</graphics>
</initialMarking>
</place>
<place id="P10">
<graphics>
<position x="420.0" y="495.0"/>
</graphics>
<name>
<value>p38</value>
<graphics/>
</name>
<initialMarking>
<value>0</value>
<graphics>
<offset x="0.0" y="0.0"/>
</graphics>
</initialMarking>
</place>
<place id="P11">
<graphics>
<position x="420.0" y="600.0"/>
</graphics>
<name>
<value>p36</value>
<graphics/>
</name>
<initialMarking>
<value>0</value>
<graphics>
<offset x="0.0" y="0.0"/>
</graphics>
</initialMarking>
</place>
<place id="P12">
<graphics>
<position x="540.0" y="90.0"/>
</graphics>
<name>
<value>p46</value>
<graphics/>
</name>
<initialMarking>
<value>1</value>
<graphics>
<offset x="0.0" y="0.0"/>
</graphics>
</initialMarking>
</place>
<place id="P13">
<graphics>
<position x="540.0" y="195.0"/>
</graphics>
<name>
<value>p44</value>
<graphics/>
</name>
<initialMarking>
<value>1</value>
<graphics>
<offset x="0.0" y="0.0"/>
</graphics>
</initialMarking>
</place>
<place id="P14">
<graphics>
<position x="540.0" y="330.0"/>
</graphics>
<name>
<value>p41</value>
<graphics/>
</name>
<initialMarking>
<value>1</value>
<graphics>
<offset x="0.0" y="0.0"/>
</graphics>
</initialMarking>
</place>
<place id="P15">
<graphics>
<position x="540.0" y="495.0"/>
</graphics>
<name>
<value>p39</value>
<graphics/>
</name>
<initialMarking>
<value>1</value>
<graphics>
<offset x="0.0" y="0.0"/>
</graphics>
</initialMarking>
</place>
<place id="P16">
<graphics>
<position x="540.0" y="600.0"/>
</graphics>
<name>
<value>p37</value>
<graphics/>
</name>
<initialMarking>
<value>1</value>
<graphics>
<offset x="0.0" y="0.0"/>
</graphics>
</initialMarking>
</place>
<place id="P17">
<graphics>
<position x="210.0" y="90.0"/>
</graphics>
<name>
<value>p1</value>
<graphics/>
</name>
<initialMarking>
<value>1</value>
<graphics>
<offset x="0.0" y="0.0"/>
</graphics>
</initialMarking>
</place>
<place id="P18">
<graphics>
<position x="210.0" y="195.0"/>
</graphics>
<name>
<value>p3</value>
<graphics/>
</name>
<initialMarking>
<value>1</value>
<graphics>
<offset x="0.0" y="0.0"/>
</graphics>
</initialMarking>
</place>
<place id="P19">
<graphics>
<position x="210.0" y="330.0"/>
</graphics>
<name>
<value>p6</value>
<graphics/>
</name>
<initialMarking>
<value>1</value>
<graphics>
<offset x="0.0" y="0.0"/>
</graphics>
</initialMarking>
</place>
<place id="P2">
<graphics>
<position x="330.0" y="285.0"/>
</graphics>
<name>
<value>p5</value>
<graphics/>
</name>
<initialMarking>
<value>0</value>
<graphics>
<offset x="0.0" y="0.0"/>
</graphics>
</initialMarking>
</place>
<place id="P20">
<graphics>
<position x="210.0" y="495.0"/>
</graphics>
<name>
<value>p10</value>
<graphics/>
</name>
<initialMarking>
<value>1</value>
<graphics>
<offset x="0.0" y="0.0"/>
</graphics>
</initialMarking>
</place>
<place id="P21">
<graphics>
<position x="330.0" y="690.0"/>
</graphics>
<name>
<value>p13</value>
<graphics/>
</name>
<initialMarking>
<value>0</value>
<graphics>
<offset x="0.0" y="0.0"/>
</graphics>
</initialMarking>
</place>
<place id="P22">
<graphics>
<position x="255.0" y="810.0"/>
</graphics>
<name>
<value>p15</value>
<graphics/>
</name>
<initialMarking>
<value>0</value>
<graphics>
<offset x="0.0" y="0.0"/>
</graphics>
</initialMarking>
</place>
<place id="P23">
<graphics>
<position x="345.0" y="810.0"/>
</graphics>
<name>
<value>p16</value>
<graphics/>
</name>
<initialMarking>
<value>0</value>
<graphics>
<offset x="0.0" y="0.0"/>
</graphics>
</initialMarking>
</place>
<place id="P24">
<graphics>
<position x="285.0" y="915.0"/>
</graphics>
<name>
<value>p18</value>
<graphics/>
</name>
<initialMarking>
<value>0</value>
<graphics>
<offset x="0.0" y="0.0"/>
</graphics>
</initialMarking>
</place>
<place id="P25">
<graphics>
<position x="360.0" y="915.0"/>
</graphics>
<name>
<value>p19</value>
<graphics/>
</name>
<initialMarking>
<value>0</value>
<graphics>
<offset x="0.0" y="0.0"/>
</graphics>
</initialMarking>
</place>
<place id="P26">
<graphics>
<position x="255.0" y="1005.0"/>
</graphics>
<name>
<value>p21</value>
<graphics/>
</name>
<initialMarking>
<value>0</value>
<graphics>
<offset x="0.0" y="0.0"/>
</graphics>
</initialMarking>
</place>
<place id="P27">
<graphics>
<position x="330.0" y="1005.0"/>
</graphics>
<name>
<value>p22</value>
<graphics/>
</name>
<initialMarking>
<value>0</value>
<graphics>
<offset x="0.0" y="0.0"/>
</graphics>
</initialMarking>
</place>
<place id="P28">
<graphics>
<position x="255.0" y="1095.0"/>
</graphics>
<name>
<value>p24</value>
<graphics/>
</name>
<initialMarking>
<value>0</value>
<graphics>
<offset x="0.0" y="0.0"/>
</graphics>
</initialMarking>
</place>
<place id="P29">
<graphics>
<position x="330.0" y="1095.0"/>
</graphics>
<name>
<value>p25</value>
<graphics/>
</name>
<initialMarking>
<value>0</value>
<graphics>
<offset x="0.0" y="0.0"/>
</graphics>
</initialMarking>
</place>
<place id="P3">
<graphics>
<position x="330.0" y="390.0"/>
</graphics>
<name>
<value>p8</value>
<graphics/>
</name>
<initialMarking>
<value>0</value>
<graphics>
<offset x="0.0" y="0.0"/>
</graphics>
</initialMarking>
</place>
<place id="P30">
<graphics>
<position x="165.0" y="810.0"/>
</graphics>
<name>
<value>p14</value>
<graphics/>
</name>
<initialMarking>
<value>1</value>
<graphics>
<offset x="0.0" y="0.0"/>
</graphics>
</initialMarking>
</place>
<place id="P31">
<graphics>
<position x="75.0" y="1035.0"/>
</graphics>
<name>
<value>p23</value>
<graphics/>
</name>
<initialMarking>
<value>0</value>
<graphics>
<offset x="0.0" y="0.0"/>
</graphics>
</initialMarking>
</place>
<place id="P32">
<graphics>
<position x="75.0" y="1125.0"/>
</graphics>
<name>
<value>p26</value>
<graphics/>
</name>
<initialMarking>
<value>0</value>
<graphics>
<offset x="0.0" y="0.0"/>
</graphics>
</initialMarking>
</place>
<place id="P33">
<graphics>
<position x="150.0" y="690.0"/>
</graphics>
<name>
<value>p12</value>
<graphics/>
</name>
<initialMarking>
<value>1</value>
<graphics>
<offset x="0.0" y="0.0"/>
</graphics>
</initialMarking>
</place>
<place id="P34">
<graphics>
<position x="45.0" y="900.0"/>
</graphics>
<name>
<value>p20</value>
<graphics/>
</name>
<initialMarking>
<value>0</value>
<graphics>
<offset x="0.0" y="0.0"/>
</graphics>
</initialMarking>
</place>
<place id="P35">
<graphics>
<position x="420.0" y="870.0"/>
</graphics>
<name>
<value>p17</value>
<graphics/>
</name>
<initialMarking>
<value>1</value>
<graphics>
<offset x="0.0" y="0.0"/>
</graphics>
</initialMarking>
</place>
<place id="P36">
<graphics>
<position x="675.0" y="795.0"/>
</graphics>
<name>
<value>p33</value>
<graphics/>
</name>
<initialMarking>
<value>0</value>
<graphics>
<offset x="0.0" y="0.0"/>
</graphics>
</initialMarking>
</place>
<place id="P37">
<graphics>
<position x="765.0" y="795.0"/>
</graphics>
<name>
<value>p34</value>
<graphics/>
</name>
<initialMarking>
<value>0</value>
<graphics>
<offset x="0.0" y="0.0"/>
</graphics>
</initialMarking>
</place>
<place id="P38">
<graphics>
<position x="675.0" y="915.0"/>
</graphics>
<name>
<value>p30</value>
<graphics/>
</name>
<initialMarking>
<value>0</value>
<graphics>
<offset x="0.0" y="0.0"/>
</graphics>
</initialMarking>
</place>
<place id="P39">
<graphics>
<position x="765.0" y="915.0"/>
</graphics>
<name>
<value>p31</value>
<graphics/>
</name>
<initialMarking>
<value>0</value>
<graphics>
<offset x="0.0" y="0.0"/>
</graphics>
</initialMarking>
</place>
<place id="P4">
<graphics>
<position x="330.0" y="495.0"/>
</graphics>
<name>
<value>p9</value>
<graphics/>
</name>
<initialMarking>
<value>0</value>
<graphics>
<offset x="0.0" y="0.0"/>
</graphics>
</initialMarking>
</place>
<place id="P40">
<graphics>
<position x="675.0" y="1005.0"/>
</graphics>
<name>
<value>p28</value>
<graphics/>
</name>
<initialMarking>
<value>0</value>
<graphics>
<offset x="0.0" y="0.0"/>
</graphics>
</initialMarking>
</place>
<place id="P41">
<graphics>
<position x="765.0" y="1005.0"/>
</graphics>
<name>
<value>p29</value>
<graphics/>
</name>
<initialMarking>
<value>0</value>
<graphics>
<offset x="0.0" y="0.0"/>
</graphics>
</initialMarking>
</place>
<place id="P42">
<graphics>
<position x="570.0" y="1005.0"/>
</graphics>
<name>
<value>p27</value>
<graphics/>
</name>
<initialMarking>
<value>0</value>
<graphics>
<offset x="0.0" y="0.0"/>
</graphics>
</initialMarking>
</place>
<place id="P43">
<graphics>
<position x="570.0" y="870.0"/>
</graphics>
<name>
<value>p32</value>
<graphics/>
</name>
<initialMarking>
<value>1</value>
<graphics>
<offset x="0.0" y="0.0"/>
</graphics>
</initialMarking>
</place>
<place id="P44">
<graphics>
<position x="765.0" y="690.0"/>
</graphics>
<name>
<value>p35</value>
<graphics/>
</name>
<initialMarking>
<value>0</value>
<graphics>
<offset x="0.0" y="0.0"/>
</graphics>
</initialMarking>
</place>
<place id="P5">
<graphics>
<position x="330.0" y="600.0"/>
</graphics>
<name>
<value>p11</value>
<graphics/>
</name>
<initialMarking>
<value>0</value>
<graphics>
<offset x="0.0" y="0.0"/>
</graphics>
</initialMarking>
</place>
<place id="P6">
<graphics>
<position x="420.0" y="90.0"/>
</graphics>
<name>
<value>p45</value>
<graphics/>
</name>
<initialMarking>
<value>0</value>
<graphics>
<offset x="0.0" y="0.0"/>
</graphics>
</initialMarking>
</place>
<place id="P7">
<graphics>
<position x="420.0" y="195.0"/>
</graphics>
<name>
<value>p43</value>
<graphics/>
</name>
<initialMarking>
<value>0</value>
<graphics>
<offset x="0.0" y="0.0"/>
</graphics>
</initialMarking>
</place>
<place id="P8">
<graphics>
<position x="420.0" y="285.0"/>
</graphics>
<name>
<value>p42</value>
<graphics/>
</name>
<initialMarking>
<value>0</value>
<graphics>
<offset x="0.0" y="0.0"/>
</graphics>
</initialMarking>
</place>
<place id="P9">
<graphics>
<position x="420.0" y="390.0"/>
</graphics>
<name>
<value>p40</value>
<graphics/>
</name>
<initialMarking>
<value>0</value>
<graphics>
<offset x="0.0" y="0.0"/>
</graphics>
</initialMarking>
</place>
<transition id="T0">
<graphics>
<position x="330.0" y="135.0"/>
</graphics>
<name>
<value>t2</value>
<graphics/>
</name>
<orientation>
<value>90</value>
</orientation>
<rate>
<value>1.0</value>
</rate>
<timed>
<value>false</value>
</timed>
</transition>
<transition id="T1">
<graphics>
<position x="330.0" y="435.0"/>
</graphics>
<name>
<value>t5</value>
<graphics/>
</name>
<orientation>
<value>90</value>
</orientation>
<rate>
<value>1.0</value>
</rate>
<timed>
<value>false</value>
</timed>
</transition>
<transition id="T10">
<graphics>
<position x="420.0" y="435.0"/>
</graphics>
<name>
<value>t30 (r1)</value>
<graphics/>
</name>
<orientation>
<value>90</value>
</orientation>
<rate>
<value>8771.929824</value>
</rate>
<timed>
<value>true</value>
</timed>
</transition>
<transition id="T11">
<graphics>
<position x="330.0" y="540.0"/>
</graphics>
<name>
<value>t6 (r1)</value>
<graphics/>
</name>
<orientation>
<value>90</value>
</orientation>
<rate>
<value>8771.929824</value>
</rate>
<timed>
<value>true</value>
</timed>
</transition>
<transition id="T13">
<graphics>
<position x="255.0" y="720.0"/>
</graphics>
<name>
<value>t8 (q1)</value>
<graphics/>
</name>
<orientation>
<value>90</value>
</orientation>
<rate>
<value>1.0</value>
</rate>
<timed>
<value>false</value>
</timed>
</transition>
<transition id="T14">
<graphics>
<position x="330.0" y="750.0"/>
</graphics>
<name>
<value>t9 (q2)</value>
<graphics/>
</name>
<orientation>
<value>90</value>
</orientation>
<rate>
<value>1.0</value>
</rate>
<timed>
<value>false</value>
</timed>
</transition>
<transition id="T15">
<graphics>
<position x="255.0" y="960.0"/>
</graphics>
<name>
<value>t13</value>
<graphics/>
</name>
<orientation>
<value>90</value>
</orientation>
<rate>
<value>1.0</value>
</rate>
<timed>
<value>false</value>
</timed>
</transition>
<transition id="T16">
<graphics>
<position x="330.0" y="960.0"/>
</graphics>
<name>
<value>t14</value>
<graphics/>
</name>
<orientation>
<value>90</value>
</orientation>
<rate>
<value>1.0</value>
</rate>
<timed>
<value>false</value>
</timed>
</transition>
<transition id="T17">
<graphics>
<position x="75.0" y="975.0"/>
</graphics>
<name>
<value>t15</value>
<graphics/>
</name>
<orientation>
<value>90</value>
</orientation>
<rate>
<value>1.0</value>
</rate>
<timed>
<value>false</value>
</timed>
</transition>
<transition id="T18">
<graphics>
<position x="255.0" y="1050.0"/>
</graphics>
<name>
<value>t16 (r6)</value>
<graphics/>
</name>
<orientation>
<value>90</value>
</orientation>
<rate>
<value>12820.51282</value>
</rate>
<timed>
<value>true</value>
</timed>
</transition>
<transition id="T19">
<graphics>
<position x="330.0" y="1050.0"/>
</graphics>
<name>
<value>t17 (r6)</value>
<graphics/>
</name>
<orientation>
<value>90</value>
</orientation>
<rate>
<value>12820.51282</value>
</rate>
<timed>
<value>true</value>
</timed>
</transition>
<transition id="T2">
<graphics>
<position x="420.0" y="240.0"/>
</graphics>
<name>
<value>t32</value>
<graphics/>
</name>
<orientation>
<value>90</value>
</orientation>
<rate>
<value>1.0</value>
</rate>
<timed>
<value>false</value>
</timed>
</transition>
<transition id="T20">
<graphics>
<position x="75.0" y="1080.0"/>
</graphics>
<name>
<value>t18 (r4)</value>
<graphics/>
</name>
<orientation>
<value>90</value>
</orientation>
<rate>
<value>482.1600771</value>
</rate>
<timed>
<value>true</value>
</timed>
</transition>
<transition id="T21">
<graphics>
<position x="330.0" y="645.0"/>
</graphics>
<name>
<value>t7 (r8)</value>
<graphics/>
</name>
<orientation>
<value>90</value>
</orientation>
<rate>
<value>1736.11111111</value>
</rate>
<timed>
<value>true</value>
</timed>
</transition>
<transition id="T22">
<graphics>
<position x="330.0" y="870.0"/>
</graphics>
<name>
<value>t11 (r5)</value>
<graphics/>
</name>
<orientation>
<value>90</value>
</orientation>
<rate>
<value>1165.501165</value>
</rate>
<timed>
<value>true</value>
</timed>
</transition>
<transition id="T23">
<graphics>
<position x="255.0" y="870.0"/>
</graphics>
<name>
<value>t10 (r5)</value>
<graphics/>
</name>
<orientation>
<value>90</value>
</orientation>
<rate>
<value>1165.501165</value>
</rate>
<timed>
<value>true</value>
</timed>
</transition>
<transition id="T24">
<graphics>
<position x="105.0" y="840.0"/>
</graphics>
<name>
<value>t12 (r3)</value>
<graphics/>
</name>
<orientation>
<value>90</value>
</orientation>
<rate>
<value>4587.155963</value>
</rate>
<timed>
<value>true</value>
</timed>
</transition>
<transition id="T25">
<graphics>
<position x="765.0" y="735.0"/>
</graphics>
<name>
<value>t27</value>
<graphics/>
</name>
<orientation>
<value>90</value>
</orientation>
<rate>
<value>1.0</value>
</rate>
<timed>
<value>false</value>
</timed>
</transition>
<transition id="T26">
<graphics>
<position x="765.0" y="960.0"/>
</graphics>
<name>
<value>t24</value>
<graphics/>
</name>
<orientation>
<value>90</value>
</orientation>
<rate>
<value>1.0</value>
</rate>
<timed>
<value>false</value>
</timed>
</transition>
<transition id="T27">
<graphics>
<position x="675.0" y="960.0"/>
</graphics>
<name>
<value>t23</value>
<graphics/>
</name>
<orientation>
<value>90</value>
</orientation>
<rate>
<value>1.0</value>
</rate>
<timed>
<value>false</value>
</timed>
</transition>
<transition id="T28">
<graphics>
<position x="570.0" y="960.0"/>
</graphics>
<name>
<value>t22</value>
<graphics/>
</name>
<orientation>
<value>90</value>
</orientation>
<rate>
<value>1.0</value>
</rate>
<timed>
<value>false</value>
</timed>
</transition>
<transition id="T29">
<graphics>
<position x="570.0" y="1080.0"/>
</graphics>
<name>
<value>t19 (r3)</value>
<graphics/>
</name>
<orientation>
<value>90</value>
</orientation>
<rate>
<value>4587.155963</value>
</rate>
<timed>
<value>true</value>
</timed>
</transition>
<transition id="T3">
<graphics>
<position x="420.0" y="540.0"/>
</graphics>
<name>
<value>t29</value>
<graphics/>
</name>
<orientation>
<value>90</value>
</orientation>
<rate>
<value>1.0</value>
</rate>
<timed>
<value>false</value>
</timed>
</transition>
<transition id="T30">
<graphics>
<position x="675.0" y="1080.0"/>
</graphics>
<name>
<value>t20 (r4)</value>
<graphics/>
</name>
<orientation>
<value>90</value>
</orientation>
<rate>
<value>482.1600771</value>
</rate>
<timed>
<value>true</value>
</timed>
</transition>
<transition id="T31">
<graphics>
<position x="765.0" y="1080.0"/>
</graphics>
<name>
<value>t21 (r4)</value>
<graphics/>
</name>
<orientation>
<value>90</value>
</orientation>
<rate>
<value>482.1600771</value>
</rate>
<timed>
<value>true</value>
</timed>
</transition>
<transition id="T32">
<graphics>
<position x="765.0" y="855.0"/>
</graphics>
<name>
<value>t26 (r5)</value>
<graphics/>
</name>
<orientation>
<value>90</value>
</orientation>
<rate>
<value>1165.501165</value>
</rate>
<timed>
<value>true</value>
</timed>
</transition>
<transition id="T33">
<graphics>
<position x="675.0" y="855.0"/>
</graphics>
<name>
<value>t25 (r5)</value>
<graphics/>
</name>
<orientation>
<value>90</value>
</orientation>
<rate>
<value>1165.501165</value>
</rate>
<timed>
<value>true</value>
</timed>
</transition>
<transition id="T34">
<graphics>
<position x="495.0" y="675.0"/>
</graphics>
<name>
<value>t28 (r9)</value>
<graphics/>
</name>
<orientation>
<value>90</value>
</orientation>
<rate>
<value>1449.275362</value>
</rate>
<timed>
<value>true</value>
</timed>
</transition>
<transition id="T4">
<graphics>
<position x="330.0" y="45.0"/>
</graphics>
<name>
<value>t1 (r7)</value>
<graphics/>
</name>
<orientation>
<value>90</value>
</orientation>
<rate>
<value>7352.941176</value>
</rate>
<timed>
<value>true</value>
</timed>
</transition>
<transition id="T5">
<graphics>
<position x="420.0" y="45.0"/>
</graphics>
<name>
<value>t34 (r10)</value>
<graphics/>
</name>
<orientation>
<value>90</value>
</orientation>
<rate>
<value>4000.0</value>
</rate>
<timed>
<value>true</value>
</timed>
</transition>
<transition id="T6">
<graphics>
<position x="420.0" y="150.0"/>
</graphics>
<name>
<value>t33 (r1)</value>
<graphics/>
</name>
<orientation>
<value>90</value>
</orientation>
<rate>
<value>8771.929824</value>
</rate>
<timed>
<value>true</value>
</timed>
</transition>
<transition id="T7">
<graphics>
<position x="330.0" y="240.0"/>
</graphics>
<name>
<value>t3 (r1)</value>
<graphics/>
</name>
<orientation>
<value>90</value>
</orientation>
<rate>
<value>8771.929824</value>
</rate>
<timed>
<value>true</value>
</timed>
</transition>
<transition id="T8">
<graphics>
<position x="420.0" y="330.0"/>
</graphics>
<name>
<value>t31 (r2)</value>
<graphics/>
</name>
<orientation>
<value>90</value>
</orientation>
<rate>
<value>1006.036217</value>
</rate>
<timed>
<value>true</value>
</timed>
</transition>
<transition id="T9">
<graphics>
<position x="330.0" y="330.0"/>
</graphics>
<name>
<value>t4 (r2)</value>
<graphics/>
</name>
<orientation>
<value>90</value>
</orientation>
<rate>
<value>1006.036217</value>
</rate>
<timed>
<value>true</value>
</timed>
</transition>
<arc id="P0 to T0" source="P0" target="T0">
<graphics/>
<inscription>
<value>1</value>
<graphics/>
</inscription>
<arcpath id="000" x="340" y="115" curvePoint="false"/>
<arcpath id="001" x="340" y="140" curvePoint="false"/>
</arc>
<arc id="P10 to T10" source="P10" target="T10">
<graphics/>
<inscription>
<value>1</value>
<graphics/>
</inscription>
<arcpath id="000" x="430" y="491" curvePoint="false"/>
<arcpath id="001" x="430" y="450" curvePoint="false"/>
</arc>
<arc id="P11 to T3" source="P11" target="T3">
<graphics/>
<inscription>
<value>1</value>
<graphics/>
</inscription>
<arcpath id="000" x="430" y="596" curvePoint="false"/>
<arcpath id="001" x="430" y="555" curvePoint="false"/>
</arc>
<arc id="P12 to T6" source="P12" target="T6">
<graphics/>
<inscription>
<value>1</value>
<graphics/>
</inscription>
<arcpath id="000" x="537" y="108" curvePoint="false"/>
<arcpath id="001" x="445" y="161" curvePoint="false"/>
</arc>
<arc id="P13 to T2" source="P13" target="T2">
<graphics/>
<inscription>
<value>1</value>
<graphics/>
</inscription>
<arcpath id="000" x="537" y="211" curvePoint="false"/>
<arcpath id="001" x="445" y="251" curvePoint="false"/>
</arc>
<arc id="P14 to T10" source="P14" target="T10">
<graphics/>
<inscription>
<value>1</value>
<graphics/>
</inscription>
<arcpath id="000" x="539" y="350" curvePoint="false"/>
<arcpath id="001" x="435" y="441" curvePoint="false"/>
</arc>
<arc id="P15 to T3" source="P15" target="T3">
<graphics/>
<inscription>
<value>1</value>
<graphics/>
</inscription>
<arcpath id="000" x="537" y="511" curvePoint="false"/>
<arcpath id="001" x="445" y="551" curvePoint="false"/>
</arc>
<arc id="P16 to T34" source="P16" target="T34">
<graphics/>
<inscription>
<value>1</value>
<graphics/>
</inscription>
<arcpath id="000" x="540" y="621" curvePoint="false"/>
<arcpath id="001" x="510" y="681" curvePoint="true"/>
</arc>
<arc id="P17 to T4" source="P17" target="T4">
<graphics/>
<inscription>
<value>1</value>
<graphics/>
</inscription>
<arcpath id="000" x="234" y="95" curvePoint="false"/>
<arcpath id="001" x="325" y="56" curvePoint="false"/>
</arc>
<arc id="P18 to T0" source="P18" target="T0">
<graphics/>
<inscription>
<value>1</value>
<graphics/>
</inscription>
<arcpath id="000" x="233" y="198" curvePoint="false"/>
<arcpath id="001" x="325" y="146" curvePoint="false"/>
</arc>
<arc id="P19 to T7" source="P19" target="T7">
<graphics/>
<inscription>
<value>1</value>
<graphics/>
</inscription>
<arcpath id="000" x="232" y="331" curvePoint="false"/>
<arcpath id="001" x="335" y="255" curvePoint="false"/>
</arc>
<arc id="P1 to T7" source="P1" target="T7">
<graphics/>
<inscription>
<value>1</value>
<graphics/>
</inscription>
<arcpath id="000" x="340" y="220" curvePoint="false"/>
<arcpath id="001" x="340" y="245" curvePoint="false"/>
</arc>
<arc id="P20 to T1" source="P20" target="T1">
<graphics/>
<inscription>
<value>1</value>
<graphics/>
</inscription>
<arcpath id="000" x="233" y="498" curvePoint="false"/>
<arcpath id="001" x="325" y="446" curvePoint="false"/>
</arc>
<arc id="P21 to T13" source="P21" target="T13">
<graphics/>
<inscription>
<value>1</value>
<graphics/>
</inscription>
<arcpath id="000" x="329" y="710" curvePoint="false"/>
<arcpath id="001" x="280" y="731" curvePoint="true"/>
</arc>
<arc id="P21 to T14" source="P21" target="T14">
<graphics/>
<inscription>
<value>1</value>
<graphics/>
</inscription>
<arcpath id="000" x="342" y="715" curvePoint="false"/>
<arcpath id="001" x="345" y="756" curvePoint="true"/>
</arc>
<arc id="P22 to T23" source="P22" target="T23">
<graphics/>
<inscription>
<value>1</value>
<graphics/>
</inscription>
<arcpath id="000" x="267" y="835" curvePoint="false"/>
<arcpath id="001" x="270" y="876" curvePoint="true"/>
</arc>
<arc id="P23 to T22" source="P23" target="T22">
<graphics/>
<inscription>
<value>1</value>
<graphics/>
</inscription>
<arcpath id="000" x="351" y="835" curvePoint="false"/>
<arcpath id="001" x="345" y="876" curvePoint="true"/>
</arc>
<arc id="P24 to T15" source="P24" target="T15">
<graphics/>
<inscription>
<value>1</value>
<graphics/>
</inscription>
<arcpath id="000" x="284" y="936" curvePoint="false"/>
<arcpath id="001" x="270" y="966" curvePoint="true"/>
</arc>
<arc id="P25 to T16" source="P25" target="T16">
<graphics/>
<inscription>
<value>1</value>
<graphics/>
</inscription>
<arcpath id="000" x="359" y="936" curvePoint="false"/>
<arcpath id="001" x="345" y="966" curvePoint="true"/>
</arc>
<arc id="P26 to T18" source="P26" target="T18">
<graphics/>
<inscription>
<value>1</value>
<graphics/>
</inscription>
<arcpath id="000" x="268" y="1030" curvePoint="false"/>
<arcpath id="001" x="270" y="1056" curvePoint="true"/>
</arc>
<arc id="P27 to T19" source="P27" target="T19">
<graphics/>
<inscription>
<value>1</value>
<graphics/>
</inscription>
<arcpath id="000" x="343" y="1030" curvePoint="false"/>
<arcpath id="001" x="345" y="1056" curvePoint="true"/>
</arc>
<arc id="P28 to T30" source="P28" target="T30">
<graphics/>
<inscription>
<value>1</value>
<graphics/>
</inscription>
<arcpath id="000" x="266" y="1121" curvePoint="false"/>
<arcpath id="001" x="266" y="1151" curvePoint="false"/>
<arcpath id="002" x="686" y="1151" curvePoint="false"/>
<arcpath id="003" x="685" y="1095" curvePoint="false"/>
</arc>
<arc id="P29 to T31" source="P29" target="T31">
<graphics/>
<inscription>
<value>1</value>
<graphics/>
</inscription>
<arcpath id="000" x="341" y="1121" curvePoint="false"/>
<arcpath id="001" x="341" y="1166" curvePoint="false"/>
<arcpath id="002" x="776" y="1166" curvePoint="false"/>
<arcpath id="003" x="775" y="1095" curvePoint="false"/>
</arc>
<arc id="P2 to T9" source="P2" target="T9">
<graphics/>
<inscription>
<value>1</value>
<graphics/>
</inscription>
<arcpath id="000" x="340" y="310" curvePoint="false"/>
<arcpath id="001" x="340" y="335" curvePoint="false"/>
</arc>
<arc id="P30 to T13" source="P30" target="T13">
<graphics/>
<inscription>
<value>1</value>
<graphics/>
</inscription>
<arcpath id="000" x="189" y="813" curvePoint="false"/>
<arcpath id="001" x="260" y="735" curvePoint="true"/>
</arc>
<arc id="P30 to T14" source="P30" target="T14">
<graphics/>
<inscription>
<value>1</value>
<graphics/>
</inscription>
<arcpath id="000" x="188" y="813" curvePoint="false"/>
<arcpath id="001" x="325" y="761" curvePoint="true"/>
</arc>
<arc id="P31 to T17" source="P31" target="T17">
<graphics/>
<inscription>
<value>1</value>
<graphics/>
</inscription>
<arcpath id="000" x="85" y="1031" curvePoint="false"/>
<arcpath id="001" x="85" y="990" curvePoint="true"/>
</arc>
<arc id="P32 to T20" source="P32" target="T20">
<graphics/>
<inscription>
<value>1</value>
<graphics/>
</inscription>
<arcpath id="000" x="85" y="1121" curvePoint="false"/>
<arcpath id="001" x="85" y="1095" curvePoint="true"/>
</arc>
<arc id="P33 to T11" source="P33" target="T11">
<graphics/>
<inscription>
<value>1</value>
<graphics/>
</inscription>
<arcpath id="000" x="174" y="695" curvePoint="false"/>
<arcpath id="001" x="334" y="555" curvePoint="true"/>
</arc>
<arc id="P33 to T13" source="P33" target="T13">
<graphics/>
<inscription>
<value>1</value>
<graphics/>
</inscription>
<arcpath id="000" x="174" y="707" curvePoint="false"/>
<arcpath id="001" x="250" y="731" curvePoint="true"/>
</arc>
<arc id="P33 to T14" source="P33" target="T14">
<graphics/>
<inscription>
<value>1</value>
<graphics/>
</inscription>
<arcpath id="000" x="175" y="697" curvePoint="false"/>
<arcpath id="001" x="251" y="701" curvePoint="true"/>
<arcpath id="002" x="335" y="755" curvePoint="true"/>
</arc>
<arc id="P33 to T15" source="P33" target="T15">
<graphics/>
<inscription>
<value>1</value>
<graphics/>
</inscription>
<arcpath id="000" x="165" y="715" curvePoint="false"/>
<arcpath id="001" x="236" y="911" curvePoint="true"/>
<arcpath id="002" x="260" y="965" curvePoint="true"/>
</arc>
<arc id="P33 to T16" source="P33" target="T16">
<graphics/>
<inscription>
<value>1</value>
<graphics/>
</inscription>
<arcpath id="000" x="170" y="713" curvePoint="false"/>
<arcpath id="001" x="296" y="881" curvePoint="false"/>
<arcpath id="002" x="335" y="965" curvePoint="true"/>
</arc>
<arc id="P33 to T17" source="P33" target="T17">
<graphics/>
<inscription>
<value>1</value>
<graphics/>
</inscription>
<arcpath id="000" x="146" y="706" curvePoint="false"/>
<arcpath id="001" x="26" y="791" curvePoint="true"/>
<arcpath id="002" x="26" y="956" curvePoint="true"/>
<arcpath id="003" x="70" y="986" curvePoint="true"/>
</arc>
<arc id="P34 to T24" source="P34" target="T24">
<graphics/>
<inscription>
<value>1</value>
<graphics/>
</inscription>
<arcpath id="000" x="69" y="904" curvePoint="false"/>
<arcpath id="001" x="115" y="855" curvePoint="true"/>
</arc>
<arc id="P35 to T11" source="P35" target="T11">
<graphics/>
<inscription>
<value>1</value>
<graphics/>
</inscription>
<arcpath id="000" x="427" y="866" curvePoint="false"/>
<arcpath id="001" x="348" y="556" curvePoint="false"/>
</arc>
<arc id="P36 to T28" source="P36" target="T28">
<graphics/>
<inscription>
<value>1</value>
<graphics/>
</inscription>
<arcpath id="000" x="675" y="816" curvePoint="false"/>
<arcpath id="001" x="585" y="966" curvePoint="true"/>
</arc>
<arc id="P37 to T25" source="P37" target="T25">
<graphics/>
<inscription>
<value>1</value>
<graphics/>
</inscription>
<arcpath id="000" x="777" y="791" curvePoint="false"/>
<arcpath id="001" x="780" y="751" curvePoint="true"/>
</arc>
<arc id="P38 to T33" source="P38" target="T33">
<graphics/>
<inscription>
<value>1</value>
<graphics/>
</inscription>
<arcpath id="000" x="685" y="911" curvePoint="false"/>
<arcpath id="001" x="685" y="870" curvePoint="true"/>
</arc>
<arc id="P39 to T32" source="P39" target="T32">
<graphics/>
<inscription>
<value>1</value>
<graphics/>
</inscription>
<arcpath id="000" x="775" y="911" curvePoint="false"/>
<arcpath id="001" x="775" y="870" curvePoint="true"/>
</arc>
<arc id="P3 to T1" source="P3" target="T1">
<graphics/>
<inscription>
<value>1</value>
<graphics/>
</inscription>
<arcpath id="000" x="342" y="415" curvePoint="false"/>
<arcpath id="001" x="345" y="441" curvePoint="false"/>
</arc>
<arc id="P40 to T27" source="P40" target="T27">
<graphics/>
<inscription>
<value>1</value>
<graphics/>
</inscription>
<arcpath id="000" x="685" y="1001" curvePoint="false"/>
<arcpath id="001" x="685" y="975" curvePoint="true"/>
</arc>
<arc id="P41 to T26" source="P41" target="T26">
<graphics/>
<inscription>
<value>1</value>
<graphics/>
</inscription>
<arcpath id="000" x="775" y="1001" curvePoint="false"/>
<arcpath id="001" x="775" y="975" curvePoint="true"/>
</arc>
<arc id="P42 to T29" source="P42" target="T29">
<graphics/>
<inscription>
<value>1</value>
<graphics/>
</inscription>
<arcpath id="000" x="580" y="1030" curvePoint="false"/>
<arcpath id="001" x="580" y="1085" curvePoint="true"/>
</arc>
<arc id="P43 to T25" source="P43" target="T25">
<graphics/>
<inscription>
<value>1</value>
<graphics/>
</inscription>
<arcpath id="000" x="582" y="866" curvePoint="false"/>
<arcpath id="001" x="626" y="761" curvePoint="true"/>
<arcpath id="002" x="760" y="746" curvePoint="true"/>
</arc>
<arc id="P43 to T26" source="P43" target="T26">
<graphics/>
<inscription>
<value>1</value>
<graphics/>
</inscription>
<arcpath id="000" x="594" y="886" curvePoint="false"/>
<arcpath id="001" x="656" y="896" curvePoint="true"/>
<arcpath id="002" x="791" y="896" curvePoint="true"/>
<arcpath id="003" x="836" y="941" curvePoint="true"/>
<arcpath id="004" x="790" y="971" curvePoint="true"/>
</arc>
<arc id="P43 to T27" source="P43" target="T27">
<graphics/>
<inscription>
<value>1</value>
<graphics/>
</inscription>
<arcpath id="000" x="587" y="894" curvePoint="false"/>
<arcpath id="001" x="626" y="956" curvePoint="true"/>
<arcpath id="002" x="670" y="971" curvePoint="true"/>
</arc>
<arc id="P43 to T28" source="P43" target="T28">
<graphics/>
<inscription>
<value>1</value>
<graphics/>
</inscription>
<arcpath id="000" x="579" y="895" curvePoint="false"/>
<arcpath id="001" x="575" y="965" curvePoint="true"/>
</arc>
<arc id="P44 to T34" source="P44" target="T34">
<graphics/>
<inscription>
<value>1</value>
<graphics/>
</inscription>
<arcpath id="000" x="761" y="699" curvePoint="false"/>
<arcpath id="001" x="520" y="686" curvePoint="true"/>
</arc>
<arc id="P4 to T11" source="P4" target="T11">
<graphics/>
<inscription>
<value>1</value>
<graphics/>
</inscription>
<arcpath id="000" x="340" y="520" curvePoint="false"/>
<arcpath id="001" x="340" y="545" curvePoint="false"/>
</arc>
<arc id="P5 to T21" source="P5" target="T21">
<graphics/>
<inscription>
<value>1</value>
<graphics/>
</inscription>
<arcpath id="000" x="340" y="625" curvePoint="false"/>
<arcpath id="001" x="340" y="650" curvePoint="true"/>
</arc>
<arc id="P6 to T5" source="P6" target="T5">
<graphics/>
<inscription>
<value>1</value>
<graphics/>
</inscription>
<arcpath id="000" x="430" y="86" curvePoint="false"/>
<arcpath id="001" x="430" y="60" curvePoint="false"/>
</arc>
<arc id="P7 to T6" source="P7" target="T6">
<graphics/>
<inscription>
<value>1</value>
<graphics/>
</inscription>
<arcpath id="000" x="430" y="191" curvePoint="false"/>
<arcpath id="001" x="430" y="165" curvePoint="false"/>
</arc>
<arc id="P8 to T2" source="P8" target="T2">
<graphics/>
<inscription>
<value>1</value>
<graphics/>
</inscription>
<arcpath id="000" x="428" y="281" curvePoint="false"/>
<arcpath id="001" x="425" y="255" curvePoint="false"/>
</arc>
<arc id="P9 to T8" source="P9" target="T8">
<graphics/>
<inscription>
<value>1</value>
<graphics/>
</inscription>
<arcpath id="000" x="430" y="386" curvePoint="false"/>
<arcpath id="001" x="430" y="345" curvePoint="false"/>
</arc>
<arc id="T0 to P1" source="T0" target="P1">
<graphics/>
<inscription>
<value>1</value>
<graphics/>
</inscription>
<arcpath id="000" x="340" y="150" curvePoint="false"/>
<arcpath id="001" x="340" y="191" curvePoint="false"/>
</arc>
<arc id="T0 to P17" source="T0" target="P17">
<graphics/>
<inscription>
<value>1</value>
<graphics/>
</inscription>
<arcpath id="000" x="325" y="146" curvePoint="false"/>
<arcpath id="001" x="234" y="106" curvePoint="false"/>
</arc>
<arc id="T10 to P15" source="T10" target="P15">
<graphics/>
<inscription>
<value>1</value>
<graphics/>
</inscription>
<arcpath id="000" x="445" y="446" curvePoint="false"/>
<arcpath id="001" x="537" y="498" curvePoint="false"/>
</arc>
<arc id="T10 to P9" source="T10" target="P9">
<graphics/>
<inscription>
<value>1</value>
<graphics/>
</inscription>
<arcpath id="000" x="425" y="440" curvePoint="false"/>
<arcpath id="001" x="428" y="415" curvePoint="false"/>
</arc>
<arc id="T11 to P20" source="T11" target="P20">
<graphics/>
<inscription>
<value>1</value>
<graphics/>
</inscription>
<arcpath id="000" x="325" y="551" curvePoint="false"/>
<arcpath id="001" x="234" y="511" curvePoint="false"/>
</arc>
<arc id="T11 to P5" source="T11" target="P5">
<graphics/>
<inscription>
<value>1</value>
<graphics/>
</inscription>
<arcpath id="000" x="341" y="556" curvePoint="false"/>
<arcpath id="001" x="341" y="596" curvePoint="false"/>
</arc>
<arc id="T13 to P21" source="T13" target="P21">
<graphics/>
<inscription>
<value>1</value>
<graphics/>
</inscription>
<arcpath id="000" x="280" y="731" curvePoint="false"/>
<arcpath id="001" x="329" y="710" curvePoint="true"/>
</arc>
<arc id="T13 to P22" source="T13" target="P22">
<graphics/>
<inscription>
<value>1</value>
<graphics/>
</inscription>
<arcpath id="000" x="270" y="736" curvePoint="false"/>
<arcpath id="001" x="267" y="806" curvePoint="true"/>
</arc>
<arc id="T14 to P23" source="T14" target="P23">
<graphics/>
<inscription>
<value>1</value>
<graphics/>
</inscription>
<arcpath id="000" x="340" y="765" curvePoint="false"/>
<arcpath id="001" x="350" y="807" curvePoint="true"/>
</arc>
<arc id="T15 to P26" source="T15" target="P26">
<graphics/>
<inscription>
<value>1</value>
<graphics/>
</inscription>
<arcpath id="000" x="265" y="975" curvePoint="false"/>
<arcpath id="001" x="265" y="1001" curvePoint="true"/>
</arc>
<arc id="T16 to P27" source="T16" target="P27">
<graphics/>
<inscription>
<value>1</value>
<graphics/>
</inscription>
<arcpath id="000" x="340" y="975" curvePoint="false"/>
<arcpath id="001" x="340" y="1001" curvePoint="true"/>
</arc>
<arc id="T17 to P34" source="T17" target="P34">
<graphics/>
<inscription>
<value>1</value>
<graphics/>
</inscription>
<arcpath id="000" x="85" y="980" curvePoint="false"/>
<arcpath id="001" x="64" y="923" curvePoint="true"/>
</arc>
<arc id="T18 to P28" source="T18" target="P28">
<graphics/>
<inscription>
<value>1</value>
<graphics/>
</inscription>
<arcpath id="000" x="265" y="1065" curvePoint="false"/>
<arcpath id="001" x="265" y="1091" curvePoint="true"/>
</arc>
<arc id="T18 to P33" source="T18" target="P33">
<graphics/>
<inscription>
<value>1</value>
<graphics/>
</inscription>
<arcpath id="000" x="260" y="1055" curvePoint="false"/>
<arcpath id="001" x="161" y="956" curvePoint="true"/>
<arcpath id="002" x="146" y="776" curvePoint="true"/>
<arcpath id="003" x="155" y="714" curvePoint="true"/>
</arc>
<arc id="T19 to P29" source="T19" target="P29">
<graphics/>
<inscription>
<value>1</value>
<graphics/>
</inscription>
<arcpath id="000" x="340" y="1065" curvePoint="false"/>
<arcpath id="001" x="340" y="1091" curvePoint="true"/>
</arc>
<arc id="T19 to P33" source="T19" target="P33">
<graphics/>
<inscription>
<value>1</value>
<graphics/>
</inscription>
<arcpath id="000" x="335" y="1055" curvePoint="false"/>
<arcpath id="001" x="221" y="971" curvePoint="true"/>
<arcpath id="002" x="206" y="866" curvePoint="true"/>
<arcpath id="003" x="165" y="715" curvePoint="true"/>
</arc>
<arc id="T19 to P35" source="T19" target="P35">
<graphics/>
<inscription>
<value>1</value>
<graphics/>
</inscription>
<arcpath id="000" x="355" y="1061" curvePoint="false"/>
<arcpath id="001" x="461" y="1001" curvePoint="true"/>
<arcpath id="002" x="437" y="894" curvePoint="true"/>
</arc>
<arc id="T1 to P19" source="T1" target="P19">
<graphics/>
<inscription>
<value>1</value>
<graphics/>
</inscription>
<arcpath id="000" x="335" y="440" curvePoint="false"/>
<arcpath id="001" x="232" y="350" curvePoint="false"/>
</arc>
<arc id="T1 to P4" source="T1" target="P4">
<graphics/>
<inscription>
<value>1</value>
<graphics/>
</inscription>
<arcpath id="000" x="340" y="450" curvePoint="false"/>
<arcpath id="001" x="340" y="491" curvePoint="false"/>
</arc>
<arc id="T20 to P31" source="T20" target="P31">
<graphics/>
<inscription>
<value>1</value>
<graphics/>
</inscription>
<arcpath id="000" x="85" y="1085" curvePoint="false"/>
<arcpath id="001" x="85" y="1060" curvePoint="true"/>
</arc>
<arc id="T21 to P21" source="T21" target="P21">
<graphics/>
<inscription>
<value>1</value>
<graphics/>
</inscription>
<arcpath id="000" x="340" y="660" curvePoint="false"/>
<arcpath id="001" x="340" y="686" curvePoint="true"/>
</arc>
<arc id="T21 to P33" source="T21" target="P33">
<graphics/>
<inscription>
<value>1</value>
<graphics/>
</inscription>
<arcpath id="000" x="325" y="656" curvePoint="false"/>
<arcpath id="001" x="266" y="671" curvePoint="false"/>
<arcpath id="002" x="175" y="696" curvePoint="true"/>
</arc>
<arc id="T22 to P25" source="T22" target="P25">
<graphics/>
<inscription>
<value>1</value>
<graphics/>
</inscription>
<arcpath id="000" x="340" y="885" curvePoint="false"/>
<arcpath id="001" x="359" y="916" curvePoint="true"/>
</arc>
<arc id="T22 to P33" source="T22" target="P33">
<graphics/>
<inscription>
<value>1</value>
<graphics/>
</inscription>
<arcpath id="000" x="335" y="875" curvePoint="false"/>
<arcpath id="001" x="296" y="806" curvePoint="true"/>
<arcpath id="002" x="236" y="761" curvePoint="true"/>
<arcpath id="003" x="172" y="710" curvePoint="true"/>
</arc>
<arc id="T23 to P24" source="T23" target="P24">
<graphics/>
<inscription>
<value>1</value>
<graphics/>
</inscription>
<arcpath id="000" x="265" y="885" curvePoint="false"/>
<arcpath id="001" x="284" y="916" curvePoint="true"/>
</arc>
<arc id="T23 to P33" source="T23" target="P33">
<graphics/>
<inscription>
<value>1</value>
<graphics/>
</inscription>
<arcpath id="000" x="260" y="875" curvePoint="false"/>
<arcpath id="001" x="171" y="712" curvePoint="true"/>
</arc>
<arc id="T24 to P30" source="T24" target="P30">
<graphics/>
<inscription>
<value>1</value>
<graphics/>
</inscription>
<arcpath id="000" x="130" y="851" curvePoint="false"/>
<arcpath id="001" x="166" y="832" curvePoint="true"/>
</arc>
<arc id="T24 to P33" source="T24" target="P33">
<graphics/>
<inscription>
<value>1</value>
<graphics/>
</inscription>
<arcpath id="000" x="115" y="845" curvePoint="false"/>
<arcpath id="001" x="154" y="714" curvePoint="true"/>
</arc>
<arc id="T25 to P36" source="T25" target="P36">
<graphics/>
<inscription>
<value>1</value>
<graphics/>
</inscription>
<arcpath id="000" x="770" y="750" curvePoint="false"/>
<arcpath id="001" x="700" y="802" curvePoint="true"/>
</arc>
<arc id="T25 to P44" source="T25" target="P44">
<graphics/>
<inscription>
<value>1</value>
<graphics/>
</inscription>
<arcpath id="000" x="775" y="740" curvePoint="false"/>
<arcpath id="001" x="775" y="715" curvePoint="true"/>
</arc>
<arc id="T26 to P39" source="T26" target="P39">
<graphics/>
<inscription>
<value>1</value>
<graphics/>
</inscription>
<arcpath id="000" x="775" y="965" curvePoint="false"/>
<arcpath id="001" x="775" y="940" curvePoint="true"/>
</arc>
<arc id="T27 to P38" source="T27" target="P38">
<graphics/>
<inscription>
<value>1</value>
<graphics/>
</inscription>
<arcpath id="000" x="685" y="965" curvePoint="false"/>
<arcpath id="001" x="685" y="940" curvePoint="true"/>
</arc>
<arc id="T28 to P42" source="T28" target="P42">
<graphics/>
<inscription>
<value>1</value>
<graphics/>
</inscription>
<arcpath id="000" x="580" y="975" curvePoint="false"/>
<arcpath id="001" x="580" y="1001" curvePoint="true"/>
</arc>
<arc id="T29 to P32" source="T29" target="P32">
<graphics/>
<inscription>
<value>1</value>
<graphics/>
</inscription>
<arcpath id="000" x="580" y="1095" curvePoint="false"/>
<arcpath id="001" x="581" y="1136" curvePoint="false"/>
<arcpath id="002" x="101" y="1136" curvePoint="false"/>
</arc>
<arc id="T29 to P43" source="T29" target="P43">
<graphics/>
<inscription>
<value>1</value>
<graphics/>
</inscription>
<arcpath id="000" x="565" y="1091" curvePoint="false"/>
<arcpath id="001" x="476" y="1031" curvePoint="true"/>
<arcpath id="002" x="571" y="892" curvePoint="true"/>
</arc>
<arc id="T2 to P14" source="T2" target="P14">
<graphics/>
<inscription>
<value>1</value>
<graphics/>
</inscription>
<arcpath id="000" x="435" y="256" curvePoint="false"/>
<arcpath id="001" x="538" y="332" curvePoint="false"/>
</arc>
<arc id="T2 to P7" source="T2" target="P7">
<graphics/>
<inscription>
<value>1</value>
<graphics/>
</inscription>
<arcpath id="000" x="430" y="245" curvePoint="false"/>
<arcpath id="001" x="430" y="220" curvePoint="false"/>
</arc>
<arc id="T30 to P40" source="T30" target="P40">
<graphics/>
<inscription>
<value>1</value>
<graphics/>
</inscription>
<arcpath id="000" x="685" y="1085" curvePoint="false"/>
<arcpath id="001" x="685" y="1030" curvePoint="true"/>
</arc>
<arc id="T31 to P41" source="T31" target="P41">
<graphics/>
<inscription>
<value>1</value>
<graphics/>
</inscription>
<arcpath id="000" x="775" y="1085" curvePoint="false"/>
<arcpath id="001" x="775" y="1030" curvePoint="true"/>
</arc>
<arc id="T32 to P37" source="T32" target="P37">
<graphics/>
<inscription>
<value>1</value>
<graphics/>
</inscription>
<arcpath id="000" x="775" y="860" curvePoint="false"/>
<arcpath id="001" x="775" y="820" curvePoint="true"/>
</arc>
<arc id="T32 to P43" source="T32" target="P43">
<graphics/>
<inscription>
<value>1</value>
<graphics/>
</inscription>
<arcpath id="000" x="760" y="866" curvePoint="false"/>
<arcpath id="001" x="686" y="851" curvePoint="true"/>
<arcpath id="002" x="595" y="875" curvePoint="true"/>
</arc>
<arc id="T33 to P36" source="T33" target="P36">
<graphics/>
<inscription>
<value>1</value>
<graphics/>
</inscription>
<arcpath id="000" x="685" y="860" curvePoint="false"/>
<arcpath id="001" x="685" y="820" curvePoint="true"/>
</arc>
<arc id="T33 to P43" source="T33" target="P43">
<graphics/>
<inscription>
<value>1</value>
<graphics/>
</inscription>
<arcpath id="000" x="670" y="866" curvePoint="false"/>
<arcpath id="001" x="595" y="877" curvePoint="true"/>
</arc>
<arc id="T34 to P11" source="T34" target="P11">
<graphics/>
<inscription>
<value>1</value>
<graphics/>
</inscription>
<arcpath id="000" x="500" y="680" curvePoint="false"/>
<arcpath id="001" x="444" y="618" curvePoint="true"/>
</arc>
<arc id="T34 to P43" source="T34" target="P43">
<graphics/>
<inscription>
<value>1</value>
<graphics/>
</inscription>
<arcpath id="000" x="505" y="690" curvePoint="false"/>
<arcpath id="001" x="506" y="806" curvePoint="true"/>
<arcpath id="002" x="568" y="872" curvePoint="true"/>
</arc>
<arc id="T3 to P10" source="T3" target="P10">
<graphics/>
<inscription>
<value>1</value>
<graphics/>
</inscription>
<arcpath id="000" x="430" y="545" curvePoint="false"/>
<arcpath id="001" x="430" y="520" curvePoint="false"/>
</arc>
<arc id="T3 to P16" source="T3" target="P16">
<graphics/>
<inscription>
<value>1</value>
<graphics/>
</inscription>
<arcpath id="000" x="445" y="551" curvePoint="false"/>
<arcpath id="001" x="537" y="603" curvePoint="false"/>
</arc>
<arc id="T4 to P0" source="T4" target="P0">
<graphics/>
<inscription>
<value>1</value>
<graphics/>
</inscription>
<arcpath id="000" x="340" y="60" curvePoint="false"/>
<arcpath id="001" x="340" y="86" curvePoint="false"/>
</arc>
<arc id="T5 to P12" source="T5" target="P12">
<graphics/>
<inscription>
<value>1</value>
<graphics/>
</inscription>
<arcpath id="000" x="445" y="56" curvePoint="false"/>
<arcpath id="001" x="537" y="95" curvePoint="false"/>
</arc>
<arc id="T6 to P13" source="T6" target="P13">
<graphics/>
<inscription>
<value>1</value>
<graphics/>
</inscription>
<arcpath id="000" x="445" y="161" curvePoint="false"/>
<arcpath id="001" x="537" y="200" curvePoint="false"/>
</arc>
<arc id="T6 to P6" source="T6" target="P6">
<graphics/>
<inscription>
<value>1</value>
<graphics/>
</inscription>
<arcpath id="000" x="430" y="155" curvePoint="false"/>
<arcpath id="001" x="430" y="115" curvePoint="false"/>
</arc>
<arc id="T7 to P18" source="T7" target="P18">
<graphics/>
<inscription>
<value>1</value>
<graphics/>
</inscription>
<arcpath id="000" x="325" y="251" curvePoint="false"/>
<arcpath id="001" x="234" y="211" curvePoint="false"/>
</arc>
<arc id="T7 to P2" source="T7" target="P2">
<graphics/>
<inscription>
<value>1</value>
<graphics/>
</inscription>
<arcpath id="000" x="345" y="256" curvePoint="false"/>
<arcpath id="001" x="342" y="281" curvePoint="false"/>
</arc>
<arc id="T8 to P8" source="T8" target="P8">
<graphics/>
<inscription>
<value>1</value>
<graphics/>
</inscription>
<arcpath id="000" x="430" y="335" curvePoint="false"/>
<arcpath id="001" x="430" y="310" curvePoint="false"/>
</arc>
<arc id="T9 to P3" source="T9" target="P3">
<graphics/>
<inscription>
<value>1</value>
<graphics/>
</inscription>
<arcpath id="000" x="340" y="345" curvePoint="false"/>
<arcpath id="001" x="340" y="386" curvePoint="false"/>
</arc>
</net>
</pnml>
