<?xml version="1.0" encoding="iso-8859-1"?>
<pnml>
<net id="Net-One" type="P/T net">
<place id="P0">
<graphics>
<position x="300.0" y="240.0"/>
</graphics>
<name>
<value>P0</value>
<graphics/>
</name>
<initialMarking>
<value>1</value>
<graphics>
<offset x="0.0" y="0.0"/>
</graphics>
</initialMarking>
</place>
<place id="P1">
<graphics>
<position x="375.0" y="225.0"/>
</graphics>
<name>
<value>P1</value>
<graphics/>
</name>
<initialMarking>
<value>1</value>
<graphics>
<offset x="0.0" y="0.0"/>
</graphics>
</initialMarking>
</place>
<place id="P10">
<graphics>
<position x="375.0" y="600.0"/>
</graphics>
<name>
<value>P10</value>
<graphics/>
</name>
<initialMarking>
<value>0</value>
<graphics>
<offset x="0.0" y="0.0"/>
</graphics>
</initialMarking>
</place>
<place id="P11">
<graphics>
<position x="585.0" y="435.0"/>
</graphics>
<name>
<value>P11</value>
<graphics/>
</name>
<initialMarking>
<value>0</value>
<graphics>
<offset x="0.0" y="0.0"/>
</graphics>
</initialMarking>
</place>
<place id="P12">
<graphics>
<position x="150.0" y="435.0"/>
</graphics>
<name>
<value>P12</value>
<graphics/>
</name>
<initialMarking>
<value>0</value>
<graphics>
<offset x="0.0" y="0.0"/>
</graphics>
</initialMarking>
</place>
<place id="P13">
<graphics>
<position x="180.0" y="135.0"/>
</graphics>
<name>
<value>P13</value>
<graphics/>
</name>
<initialMarking>
<value>0</value>
<graphics>
<offset x="0.0" y="0.0"/>
</graphics>
</initialMarking>
</place>
<place id="P14">
<graphics>
<position x="570.0" y="105.0"/>
</graphics>
<name>
<value>P14</value>
<graphics/>
</name>
<initialMarking>
<value>0</value>
<graphics>
<offset x="0.0" y="0.0"/>
</graphics>
</initialMarking>
</place>
<place id="P2">
<graphics>
<position x="435.0" y="240.0"/>
</graphics>
<name>
<value>P2</value>
<graphics/>
</name>
<initialMarking>
<value>1</value>
<graphics>
<offset x="0.0" y="0.0"/>
</graphics>
</initialMarking>
</place>
<place id="P3">
<graphics>
<position x="270.0" y="300.0"/>
</graphics>
<name>
<value>P3</value>
<graphics/>
</name>
<initialMarking>
<value>1</value>
<graphics>
<offset x="0.0" y="0.0"/>
</graphics>
</initialMarking>
</place>
<place id="P4">
<graphics>
<position x="285.0" y="345.0"/>
</graphics>
<name>
<value>P4</value>
<graphics/>
</name>
<initialMarking>
<value>1</value>
<graphics>
<offset x="0.0" y="0.0"/>
</graphics>
</initialMarking>
</place>
<place id="P5">
<graphics>
<position x="465.0" y="285.0"/>
</graphics>
<name>
<value>P5</value>
<graphics/>
</name>
<initialMarking>
<value>1</value>
<graphics>
<offset x="0.0" y="0.0"/>
</graphics>
</initialMarking>
</place>
<place id="P6">
<graphics>
<position x="465.0" y="345.0"/>
</graphics>
<name>
<value>P6</value>
<graphics/>
</name>
<initialMarking>
<value>1</value>
<graphics>
<offset x="0.0" y="0.0"/>
</graphics>
</initialMarking>
</place>
<place id="P7">
<graphics>
<position x="435.0" y="390.0"/>
</graphics>
<name>
<value>P7</value>
<graphics/>
</name>
<initialMarking>
<value>1</value>
<graphics>
<offset x="0.0" y="0.0"/>
</graphics>
</initialMarking>
</place>
<place id="P8">
<graphics>
<position x="375.0" y="390.0"/>
</graphics>
<name>
<value>P8</value>
<graphics/>
</name>
<initialMarking>
<value>1</value>
<graphics>
<offset x="0.0" y="0.0"/>
</graphics>
</initialMarking>
</place>
<place id="P9">
<graphics>
<position x="315.0" y="390.0"/>
</graphics>
<name>
<value>P9</value>
<graphics/>
</name>
<initialMarking>
<value>1</value>
<graphics>
<offset x="0.0" y="0.0"/>
</graphics>
</initialMarking>
</place>
<transition id="T0">
<graphics>
<position x="195.0" y="405.0"/>
</graphics>
<name>
<value>T0</value>
<graphics/>
</name>
<orientation>
<value>135</value>
</orientation>
<rate>
<value>1.0</value>
</rate>
<timed>
<value>true</value>
</timed>
</transition>
<transition id="T1">
<graphics>
<position x="90.0" y="465.0"/>
</graphics>
<name>
<value>T1</value>
<graphics/>
</name>
<orientation>
<value>135</value>
</orientation>
<rate>
<value>1.0</value>
</rate>
<timed>
<value>true</value>
</timed>
</transition>
<transition id="T2">
<graphics>
<position x="375.0" y="540.0"/>
</graphics>
<name>
<value>T2</value>
<graphics/>
</name>
<orientation>
<value>90</value>
</orientation>
<rate>
<value>1.0</value>
</rate>
<timed>
<value>true</value>
</timed>
</transition>
<transition id="T3">
<graphics>
<position x="375.0" y="660.0"/>
</graphics>
<name>
<value>T3</value>
<graphics/>
</name>
<orientation>
<value>90</value>
</orientation>
<rate>
<value>1.0</value>
</rate>
<timed>
<value>true</value>
</timed>
</transition>
<transition id="T4">
<graphics>
<position x="540.0" y="390.0"/>
</graphics>
<name>
<value>T4</value>
<graphics/>
</name>
<orientation>
<value>225</value>
</orientation>
<rate>
<value>1.0</value>
</rate>
<timed>
<value>true</value>
</timed>
</transition>
<transition id="T5">
<graphics>
<position x="645.0" y="480.0"/>
</graphics>
<name>
<value>T5</value>
<graphics/>
</name>
<orientation>
<value>225</value>
</orientation>
<rate>
<value>1.0</value>
</rate>
<timed>
<value>true</value>
</timed>
</transition>
<transition id="T6">
<graphics>
<position x="225.0" y="165.0"/>
</graphics>
<name>
<value>T6</value>
<graphics/>
</name>
<orientation>
<value>225</value>
</orientation>
<rate>
<value>1.0</value>
</rate>
<timed>
<value>true</value>
</timed>
</transition>
<transition id="T7">
<graphics>
<position x="105.0" y="60.0"/>
</graphics>
<name>
<value>T7</value>
<graphics/>
</name>
<orientation>
<value>225</value>
</orientation>
<rate>
<value>1.0</value>
</rate>
<timed>
<value>true</value>
</timed>
</transition>
<transition id="T8">
<graphics>
<position x="615.0" y="45.0"/>
</graphics>
<name>
<value>T8</value>
<graphics/>
</name>
<orientation>
<value>135</value>
</orientation>
<rate>
<value>1.0</value>
</rate>
<timed>
<value>true</value>
</timed>
</transition>
<transition id="T9">
<graphics>
<position x="525.0" y="150.0"/>
</graphics>
<name>
<value>T9</value>
<graphics/>
</name>
<orientation>
<value>135</value>
</orientation>
<rate>
<value>1.0</value>
</rate>
<timed>
<value>true</value>
</timed>
</transition>
<arc id="P0 to T6" source="P0" target="T6">
<graphics/>
<inscription>
<value>1</value>
<graphics/>
</inscription>
<arcpath id="000" x="300" y="240" curvePoint="false"/>
<arcpath id="001" x="240" y="178" curvePoint="false"/>
</arc>
<arc id="P10 to T3" source="P10" target="T3">
<graphics/>
<inscription>
<value>1</value>
<graphics/>
</inscription>
<arcpath id="000" x="386" y="625" curvePoint="false"/>
<arcpath id="001" x="388" y="666" curvePoint="false"/>
</arc>
<arc id="P11 to T5" source="P11" target="T5">
<graphics/>
<inscription>
<value>1</value>
<graphics/>
</inscription>
<arcpath id="000" x="608" y="454" curvePoint="false"/>
<arcpath id="001" x="654" y="485" curvePoint="false"/>
</arc>
<arc id="P12 to T1" source="P12" target="T1">
<graphics/>
<inscription>
<value>1</value>
<graphics/>
</inscription>
<arcpath id="000" x="147" y="452" curvePoint="false"/>
<arcpath id="001" x="106" y="474" curvePoint="false"/>
</arc>
<arc id="P13 to T7" source="P13" target="T7">
<graphics/>
<inscription>
<value>1</value>
<graphics/>
</inscription>
<arcpath id="000" x="180" y="135" curvePoint="false"/>
<arcpath id="001" x="117" y="76" curvePoint="false"/>
</arc>
<arc id="P14 to T8" source="P14" target="T8">
<graphics/>
<inscription>
<value>1</value>
<graphics/>
</inscription>
<arcpath id="000" x="589" y="103" curvePoint="false"/>
<arcpath id="001" x="620" y="57" curvePoint="false"/>
</arc>
<arc id="P1 to T6" source="P1" target="T6">
<graphics/>
<inscription>
<value>1</value>
<graphics/>
</inscription>
<arcpath id="000" x="372" y="229" curvePoint="false"/>
<arcpath id="001" x="246" y="173" curvePoint="false"/>
</arc>
<arc id="P1 to T9" source="P1" target="T9">
<graphics/>
<inscription>
<value>1</value>
<graphics/>
</inscription>
<arcpath id="000" x="399" y="228" curvePoint="false"/>
<arcpath id="001" x="528" y="159" curvePoint="false"/>
</arc>
<arc id="P2 to T9" source="P2" target="T9">
<graphics/>
<inscription>
<value>1</value>
<graphics/>
</inscription>
<arcpath id="000" x="456" y="240" curvePoint="false"/>
<arcpath id="001" x="532" y="165" curvePoint="false"/>
</arc>
<arc id="P3 to T0" source="P3" target="T0">
<graphics/>
<inscription>
<value>1</value>
<graphics/>
</inscription>
<arcpath id="000" x="271" y="322" curvePoint="false"/>
<arcpath id="001" x="203" y="405" curvePoint="false"/>
</arc>
<arc id="P3 to T6" source="P3" target="T6">
<graphics/>
<inscription>
<value>1</value>
<graphics/>
</inscription>
<arcpath id="000" x="275" y="296" curvePoint="false"/>
<arcpath id="001" x="235" y="183" curvePoint="false"/>
</arc>
<arc id="P4 to T0" source="P4" target="T0">
<graphics/>
<inscription>
<value>1</value>
<graphics/>
</inscription>
<arcpath id="000" x="283" y="363" curvePoint="false"/>
<arcpath id="001" x="208" y="411" curvePoint="false"/>
</arc>
<arc id="P5 to T4" source="P5" target="T4">
<graphics/>
<inscription>
<value>1</value>
<graphics/>
</inscription>
<arcpath id="000" x="485" y="307" curvePoint="false"/>
<arcpath id="001" x="552" y="393" curvePoint="false"/>
</arc>
<arc id="P5 to T9" source="P5" target="T9">
<graphics/>
<inscription>
<value>1</value>
<graphics/>
</inscription>
<arcpath id="000" x="482" y="282" curvePoint="false"/>
<arcpath id="001" x="537" y="170" curvePoint="false"/>
</arc>
<arc id="P6 to T4" source="P6" target="T4">
<graphics/>
<inscription>
<value>1</value>
<graphics/>
</inscription>
<arcpath id="000" x="488" y="363" curvePoint="false"/>
<arcpath id="001" x="546" y="397" curvePoint="false"/>
</arc>
<arc id="P7 to T2" source="P7" target="T2">
<graphics/>
<inscription>
<value>1</value>
<graphics/>
</inscription>
<arcpath id="000" x="440" y="415" curvePoint="false"/>
<arcpath id="001" x="391" y="546" curvePoint="false"/>
</arc>
<arc id="P7 to T4" source="P7" target="T4">
<graphics/>
<inscription>
<value>1</value>
<graphics/>
</inscription>
<arcpath id="000" x="460" y="401" curvePoint="false"/>
<arcpath id="001" x="541" y="402" curvePoint="false"/>
</arc>
<arc id="P8 to T2" source="P8" target="T2">
<graphics/>
<inscription>
<value>1</value>
<graphics/>
</inscription>
<arcpath id="000" x="385" y="415" curvePoint="false"/>
<arcpath id="001" x="384" y="545" curvePoint="false"/>
</arc>
<arc id="P9 to T0" source="P9" target="T0">
<graphics/>
<inscription>
<value>1</value>
<graphics/>
</inscription>
<arcpath id="000" x="311" y="403" curvePoint="false"/>
<arcpath id="001" x="213" y="416" curvePoint="false"/>
</arc>
<arc id="P9 to T2" source="P9" target="T2">
<graphics/>
<inscription>
<value>1</value>
<graphics/>
</inscription>
<arcpath id="000" x="331" y="415" curvePoint="false"/>
<arcpath id="001" x="377" y="545" curvePoint="false"/>
</arc>
<arc id="T0 to P12" source="T0" target="P12">
<graphics/>
<inscription>
<value>1</value>
<graphics/>
</inscription>
<arcpath id="000" x="202" y="419" curvePoint="false"/>
<arcpath id="001" x="173" y="437" curvePoint="false"/>
</arc>
<arc id="T1 to P3" source="T1" target="P3">
<graphics/>
<inscription>
<value>1</value>
<graphics/>
</inscription>
<arcpath id="000" x="98" y="465" curvePoint="false"/>
<arcpath id="001" x="146" y="356" curvePoint="true"/>
<arcpath id="002" x="266" y="315" curvePoint="false"/>
</arc>
<arc id="T1 to P4" source="T1" target="P4">
<graphics/>
<inscription>
<value>1</value>
<graphics/>
</inscription>
<arcpath id="000" x="102" y="469" curvePoint="false"/>
<arcpath id="001" x="146" y="416" curvePoint="true"/>
<arcpath id="002" x="282" y="361" curvePoint="false"/>
</arc>
<arc id="T1 to P9" source="T1" target="P9">
<graphics/>
<inscription>
<value>1</value>
<graphics/>
</inscription>
<arcpath id="000" x="110" y="478" curvePoint="false"/>
<arcpath id="001" x="161" y="491" curvePoint="true"/>
<arcpath id="002" x="312" y="408" curvePoint="false"/>
</arc>
<arc id="T2 to P10" source="T2" target="P10">
<graphics/>
<inscription>
<value>1</value>
<graphics/>
</inscription>
<arcpath id="000" x="385" y="555" curvePoint="false"/>
<arcpath id="001" x="385" y="596" curvePoint="false"/>
</arc>
<arc id="T3 to P7" source="T3" target="P7">
<graphics/>
<inscription>
<value>1</value>
<graphics/>
</inscription>
<arcpath id="000" x="394" y="666" curvePoint="false"/>
<arcpath id="001" x="446" y="566" curvePoint="true"/>
<arcpath id="002" x="446" y="416" curvePoint="false"/>
</arc>
<arc id="T3 to P8" source="T3" target="P8">
<graphics/>
<inscription>
<value>1</value>
<graphics/>
</inscription>
<arcpath id="000" x="382" y="665" curvePoint="false"/>
<arcpath id="001" x="356" y="551" curvePoint="true"/>
<arcpath id="002" x="383" y="415" curvePoint="false"/>
</arc>
<arc id="T3 to P9" source="T3" target="P9">
<graphics/>
<inscription>
<value>1</value>
<graphics/>
</inscription>
<arcpath id="000" x="376" y="665" curvePoint="false"/>
<arcpath id="001" x="311" y="551" curvePoint="true"/>
<arcpath id="002" x="324" y="415" curvePoint="false"/>
</arc>
<arc id="T4 to P11" source="T4" target="P11">
<graphics/>
<inscription>
<value>1</value>
<graphics/>
</inscription>
<arcpath id="000" x="555" y="404" curvePoint="false"/>
<arcpath id="001" x="585" y="435" curvePoint="false"/>
</arc>
<arc id="T5 to P5" source="T5" target="P5">
<graphics/>
<inscription>
<value>1</value>
<graphics/>
</inscription>
<arcpath id="000" x="659" y="481" curvePoint="false"/>
<arcpath id="001" x="611" y="386" curvePoint="true"/>
<arcpath id="002" x="488" y="304" curvePoint="false"/>
</arc>
<arc id="T5 to P6" source="T5" target="P6">
<graphics/>
<inscription>
<value>1</value>
<graphics/>
</inscription>
<arcpath id="000" x="650" y="489" curvePoint="false"/>
<arcpath id="001" x="551" y="461" curvePoint="true"/>
<arcpath id="002" x="484" y="368" curvePoint="false"/>
</arc>
<arc id="T5 to P7" source="T5" target="P7">
<graphics/>
<inscription>
<value>1</value>
<graphics/>
</inscription>
<arcpath id="000" x="645" y="493" curvePoint="false"/>
<arcpath id="001" x="581" y="506" curvePoint="true"/>
<arcpath id="002" x="457" y="410" curvePoint="false"/>
</arc>
<arc id="T6 to P13" source="T6" target="P13">
<graphics/>
<inscription>
<value>1</value>
<graphics/>
</inscription>
<arcpath id="000" x="232" y="172" curvePoint="false"/>
<arcpath id="001" x="203" y="154" curvePoint="false"/>
</arc>
<arc id="T7 to P0" source="T7" target="P0">
<graphics/>
<inscription>
<value>1</value>
<graphics/>
</inscription>
<arcpath id="000" x="122" y="72" curvePoint="false"/>
<arcpath id="001" x="206" y="116" curvePoint="true"/>
<arcpath id="002" x="301" y="239" curvePoint="false"/>
</arc>
<arc id="T7 to P1" source="T7" target="P1">
<graphics/>
<inscription>
<value>1</value>
<graphics/>
</inscription>
<arcpath id="000" x="126" y="68" curvePoint="false"/>
<arcpath id="001" x="206" y="71" curvePoint="true"/>
<arcpath id="002" x="374" y="225" curvePoint="false"/>
</arc>
<arc id="T7 to P3" source="T7" target="P3">
<graphics/>
<inscription>
<value>1</value>
<graphics/>
</inscription>
<arcpath id="000" x="113" y="80" curvePoint="false"/>
<arcpath id="001" x="116" y="161" curvePoint="true"/>
<arcpath id="002" x="269" y="300" curvePoint="false"/>
</arc>
<arc id="T8 to P1" source="T8" target="P1">
<graphics/>
<inscription>
<value>1</value>
<graphics/>
</inscription>
<arcpath id="000" x="616" y="52" curvePoint="false"/>
<arcpath id="001" x="506" y="101" curvePoint="true"/>
<arcpath id="002" x="395" y="224" curvePoint="false"/>
</arc>
<arc id="T8 to P2" source="T8" target="P2">
<graphics/>
<inscription>
<value>1</value>
<graphics/>
</inscription>
<arcpath id="000" x="624" y="61" curvePoint="false"/>
<arcpath id="001" x="596" y="146" curvePoint="true"/>
<arcpath id="002" x="458" y="242" curvePoint="false"/>
</arc>
<arc id="T8 to P5" source="T8" target="P5">
<graphics/>
<inscription>
<value>1</value>
<graphics/>
</inscription>
<arcpath id="000" x="628" y="66" curvePoint="false"/>
<arcpath id="001" x="611" y="161" curvePoint="true"/>
<arcpath id="002" x="486" y="285" curvePoint="false"/>
</arc>
<arc id="T9 to P14" source="T9" target="P14">
<graphics/>
<inscription>
<value>1</value>
<graphics/>
</inscription>
<arcpath id="000" x="539" y="156" curvePoint="false"/>
<arcpath id="001" x="570" y="126" curvePoint="false"/>
</arc>
</net>
</pnml>
