<?xml version="1.0" encoding="iso-8859-1"?>
<pnml>
<net id="Net-One" type="P/T net">
<place id="P0">
<graphics>
<position x="151.0" y="91.0"/>
</graphics>
<name>
<value>P0</value>
<graphics/>
</name>
<initialMarking>
<value>0</value>
<graphics>
<offset x="0.0" y="0.0"/>
</graphics>
</initialMarking>
</place>
<place id="P1">
<graphics>
<position x="151.0" y="211.0"/>
</graphics>
<name>
<value>P1</value>
<graphics/>
</name>
<initialMarking>
<value>0</value>
<graphics>
<offset x="0.0" y="0.0"/>
</graphics>
</initialMarking>
</place>
<place id="P2">
<graphics>
<position x="151.0" y="331.0"/>
</graphics>
<name>
<value>P2</value>
<graphics/>
</name>
<initialMarking>
<value>1</value>
<graphics>
<offset x="0.0" y="0.0"/>
</graphics>
</initialMarking>
</place>
<place id="P3">
<graphics>
<position x="345.0" y="90.0"/>
</graphics>
<name>
<value>P3</value>
<graphics/>
</name>
<initialMarking>
<value>1</value>
<graphics>
<offset x="0.0" y="0.0"/>
</graphics>
</initialMarking>
</place>
<place id="P4">
<graphics>
<position x="345.0" y="210.0"/>
</graphics>
<name>
<value>P4</value>
<graphics/>
</name>
<initialMarking>
<value>0</value>
<graphics>
<offset x="0.0" y="0.0"/>
</graphics>
</initialMarking>
</place>
<place id="P5">
<graphics>
<position x="345.0" y="330.0"/>
</graphics>
<name>
<value>P5</value>
<graphics/>
</name>
<initialMarking>
<value>0</value>
<graphics>
<offset x="0.0" y="0.0"/>
</graphics>
</initialMarking>
</place>
<place id="P6">
<graphics>
<position x="255.0" y="180.0"/>
</graphics>
<name>
<value>P6</value>
<graphics/>
</name>
<initialMarking>
<value>0</value>
<graphics>
<offset x="0.0" y="0.0"/>
</graphics>
</initialMarking>
</place>
<place id="P7">
<graphics>
<position x="255.0" y="270.0"/>
</graphics>
<name>
<value>P7</value>
<graphics/>
</name>
<initialMarking>
<value>3</value>
<graphics>
<offset x="0.0" y="0.0"/>
</graphics>
</initialMarking>
</place>
<place id="P8">
<graphics>
<position x="480.0" y="90.0"/>
</graphics>
<name>
<value>P8</value>
<graphics/>
</name>
<initialMarking>
<value>0</value>
<graphics/>
</initialMarking>
</place>
<transition id="T0">
<graphics>
<position x="151.0" y="151.0"/>
</graphics>
<name>
<value>T1</value>
<graphics/>
</name>
<orientation>
<value>90</value>
</orientation>
<rate>
<value>1.0</value>
</rate>
<timed>
<value>false</value>
</timed>
</transition>
<transition id="T1">
<graphics>
<position x="345.0" y="150.0"/>
</graphics>
<name>
<value>T4</value>
<graphics/>
</name>
<orientation>
<value>90</value>
</orientation>
<rate>
<value>1.0</value>
</rate>
<timed>
<value>false</value>
</timed>
</transition>
<transition id="T2">
<graphics>
<position x="345.0" y="285.0"/>
</graphics>
<name>
<value>T5</value>
<graphics/>
</name>
<orientation>
<value>90</value>
</orientation>
<rate>
<value>1.0</value>
</rate>
<timed>
<value>false</value>
</timed>
</transition>
<transition id="T3">
<graphics>
<position x="151.0" y="286.0"/>
</graphics>
<name>
<value>T2</value>
<graphics/>
</name>
<orientation>
<value>90</value>
</orientation>
<rate>
<value>1.0</value>
</rate>
<timed>
<value>false</value>
</timed>
</transition>
<transition id="T4">
<graphics>
<position x="75.0" y="210.0"/>
</graphics>
<name>
<value>T3</value>
<graphics/>
</name>
<orientation>
<value>90</value>
</orientation>
<rate>
<value>1.0</value>
</rate>
<timed>
<value>true</value>
</timed>
</transition>
<transition id="T5">
<graphics>
<position x="420.0" y="210.0"/>
</graphics>
<name>
<value>T6</value>
<graphics/>
</name>
<orientation>
<value>90</value>
</orientation>
<rate>
<value>1.0</value>
</rate>
<timed>
<value>true</value>
</timed>
</transition>
<transition id="T6">
<graphics>
<position x="420.0" y="30.0"/>
</graphics>
<name>
<value>T7</value>
<graphics/>
</name>
<orientation>
<value>0</value>
</orientation>
<rate>
<value>1.0</value>
</rate>
<timed>
<value>false</value>
</timed>
</transition>
<transition id="T7">
<graphics>
<position x="420.0" y="90.0"/>
</graphics>
<name>
<value>T8</value>
<graphics/>
</name>
<orientation>
<value>0</value>
</orientation>
<rate>
<value>1.0</value>
</rate>
<timed>
<value>false</value>
</timed>
</transition>
<arc id="P0 to T0" source="P0" target="T0">
<graphics/>
<inscription>
<value>1</value>
<graphics/>
</inscription>
<arcpath id="000" x="161" y="116" curvePoint="false"/>
<arcpath id="001" x="161" y="156" curvePoint="false"/>
</arc>
<arc id="P1 to T3" source="P1" target="T3">
<graphics/>
<inscription>
<value>1</value>
<graphics/>
</inscription>
<arcpath id="000" x="161" y="236" curvePoint="false"/>
<arcpath id="001" x="161" y="291" curvePoint="false"/>
</arc>
<arc id="P2 to T4" source="P2" target="T4">
<graphics/>
<inscription>
<value>1</value>
<graphics/>
</inscription>
<arcpath id="000" x="153" y="329" curvePoint="false"/>
<arcpath id="001" x="85" y="225" curvePoint="false"/>
</arc>
<arc id="P3 to T1" source="P3" target="T1">
<graphics/>
<inscription>
<value>1</value>
<graphics/>
</inscription>
<arcpath id="000" x="355" y="115" curvePoint="false"/>
<arcpath id="001" x="355" y="155" curvePoint="false"/>
</arc>
<arc id="P3 to T6" source="P3" target="T6">
<graphics/>
<inscription>
<value>1</value>
<graphics/>
</inscription>
<arcpath id="000" x="367" y="91" curvePoint="false"/>
<arcpath id="001" x="425" y="41" curvePoint="false"/>
</arc>
<arc id="P4 to T2" source="P4" target="T2">
<graphics/>
<inscription>
<value>1</value>
<graphics/>
</inscription>
<arcpath id="000" x="355" y="235" curvePoint="false"/>
<arcpath id="001" x="355" y="290" curvePoint="false"/>
</arc>
<arc id="P5 to T5" source="P5" target="T5">
<graphics/>
<inscription>
<value>1</value>
<graphics/>
</inscription>
<arcpath id="000" x="364" y="328" curvePoint="false"/>
<arcpath id="001" x="430" y="225" curvePoint="false"/>
</arc>
<arc id="P6 to T1" source="P6" target="T1">
<graphics/>
<inscription>
<value>1</value>
<graphics/>
</inscription>
<arcpath id="000" x="279" y="185" curvePoint="false"/>
<arcpath id="001" x="340" y="161" curvePoint="false"/>
</arc>
<arc id="P7 to T0" source="P7" target="T0">
<graphics/>
<inscription>
<value>1</value>
<graphics/>
</inscription>
<arcpath id="000" x="256" y="269" curvePoint="false"/>
<arcpath id="001" x="166" y="167" curvePoint="false"/>
</arc>
<arc id="P8 to T7" source="P8" target="T7">
<graphics/>
<inscription>
<value>1</value>
<graphics/>
</inscription>
<arcpath id="000" x="476" y="101" curvePoint="false"/>
<arcpath id="001" x="435" y="101" curvePoint="false"/>
</arc>
<arc id="T0 to P1" source="T0" target="P1">
<graphics/>
<inscription>
<value>1</value>
<graphics/>
</inscription>
<arcpath id="000" x="156" y="166" curvePoint="false"/>
<arcpath id="001" x="160" y="207" curvePoint="false"/>
</arc>
<arc id="T0 to P6" source="T0" target="P6">
<graphics/>
<inscription>
<value>1</value>
<graphics/>
</inscription>
<arcpath id="000" x="176" y="162" curvePoint="false"/>
<arcpath id="001" x="251" y="186" curvePoint="false"/>
</arc>
<arc id="T1 to P4" source="T1" target="P4">
<graphics/>
<inscription>
<value>1</value>
<graphics/>
</inscription>
<arcpath id="000" x="360" y="166" curvePoint="false"/>
<arcpath id="001" x="357" y="206" curvePoint="false"/>
</arc>
<arc id="T1 to P7" source="T1" target="P7">
<graphics/>
<inscription>
<value>1</value>
<graphics/>
</inscription>
<arcpath id="000" x="350" y="165" curvePoint="false"/>
<arcpath id="001" x="274" y="268" curvePoint="false"/>
</arc>
<arc id="T2 to P5" source="T2" target="P5">
<graphics/>
<inscription>
<value>1</value>
<graphics/>
</inscription>
<arcpath id="000" x="355" y="300" curvePoint="false"/>
<arcpath id="001" x="355" y="326" curvePoint="false"/>
</arc>
<arc id="T3 to P2" source="T3" target="P2">
<graphics/>
<inscription>
<value>1</value>
<graphics/>
</inscription>
<arcpath id="000" x="161" y="301" curvePoint="false"/>
<arcpath id="001" x="161" y="327" curvePoint="false"/>
</arc>
<arc id="T4 to P0" source="T4" target="P0">
<graphics/>
<inscription>
<value>1</value>
<graphics/>
</inscription>
<arcpath id="000" x="85" y="215" curvePoint="false"/>
<arcpath id="001" x="153" y="114" curvePoint="false"/>
</arc>
<arc id="T5 to P3" source="T5" target="P3">
<graphics/>
<inscription>
<value>1</value>
<graphics/>
</inscription>
<arcpath id="000" x="430" y="215" curvePoint="false"/>
<arcpath id="001" x="364" y="113" curvePoint="false"/>
</arc>
<arc id="T6 to P8" source="T6" target="P8">
<graphics/>
<inscription>
<value>1</value>
<graphics/>
</inscription>
<arcpath id="000" x="435" y="41" curvePoint="false"/>
<arcpath id="001" x="480" y="89" curvePoint="false"/>
</arc>
<arc id="T7 to P3" source="T7" target="P3">
<graphics/>
<inscription>
<value>1</value>
<graphics/>
</inscription>
<arcpath id="000" x="425" y="101" curvePoint="false"/>
<arcpath id="001" x="370" y="101" curvePoint="false"/>
</arc>
</net>
</pnml>
